justin5,307,20-JAN-17,N
joe5,307,20-JAN-17,N
bill5,307,20-JAN-17,N
mike5,307,20-JAN-17,N
tom5,307,20-JAN-17,N
ted5,307,20-JAN-17,N
chris5,307,20-JAN-17,N
austin5,307,20-JAN-17,N
irvin5,307,20-JAN-17,N
alex5,307,20-JAN-17,N
drake5,307,20-JAN-17,N
brendan5,307,20-JAN-17,N
eric5,307,20-JAN-17,N
matt5,307,20-JAN-17,N
holly5,307,20-JAN-17,N
carly5,307,20-JAN-17,N
abbie5,307,20-JAN-17,N
megan5,307,20-JAN-17,N
morgan5,307,20-JAN-17,N
alec5,307,20-JAN-17,N
jackie5,307,20-JAN-17,N
julie5,307,20-JAN-17,N
jennifer5,307,20-JAN-17,N
patrick5,307,20-JAN-17,N
luke5,307,20-JAN-17,N