justin5,7C:04:D0:6B:DC:0C
joe5,12:34:56:78:99:99
bill5,AB:CD:EF:GH:IJ:KL
mike5,AB:CD:EF:GH:IJ:ZZ
tom5,AB:CD:EF:ZZ:IJ:KL
ted5,AB:CD:ZZ:GH:IJ:KL
chris5,AB:ZZ:EF:GH:IJ:KL
austin5,ZZ:CD:EF:GH:IJ:KL
irvin5,AB:QQ:EF:GH:IJ:KL
alex5,AB:CD:QQ:GH:IJ:KL
drake5,AB:CD:EF:QQ:IJ:KL
brendan5,AB:CD:EF:GH:QQ:KL
eric5,AB:CD:EF:GH:IJ:QQ
matt5,AB:CD:EF:GH:99:KL
holly5,AB:CD:EF:99:IJ:KL
carly5,AB:CD:99:GH:IJ:KL
abbie5,AB:99:EF:GH:IJ:KL
megan5,99:CD:EF:GH:IJ:KL
morgan5,AB:BB:EF:GH:IJ:KL
alec5,AB:CD:BB:GH:IJ:KL
jackie5,AB:CD:EF:BB:IJ:KL
julie5,AB:CD:EF:GH:BB:KL
jennifer5,AB:CD:EF:GH:IJ:BB
patrick5,AB:CD:EF:GH:LL:KL
luke5,AB:CD:EF:LL:IJ:KL
noah5,AB:CD:LL:GH:IJ:KL
hunter5,AB:LL:EF:GH:IJ:KL
todd5,LL:CD:EF:GH:IJ:KL
alyssa5,AB:PP:EF:GH:IJ:KL
jenny5,AB:CD:PP:GH:IJ:KL
kellie3,AB:CD:EF:PP:IJ:KL
brittany2,AB:CD:EF:GH:PP:KL
joi7,AB:CD:EF:GH:IJ:PP
jamie8,AB:CD:EF:GH:GG:KL
will9,AB:CD:EF:GG:IJ:KL