Justin,justin5,7C:04:D0:6B:DC:0C
Joe,joe5,12:34:56:78:99:99
Bill,bill5,AB:CD:EF:GH:IJ:KL
Mike,mike5,AB:CD:EF:GH:IJ:ZZ
Tom,tom5,AB:CD:EF:ZZ:IJ:KL
Ted,ted5,AB:CD:ZZ:GH:IJ:KL
Chris,chris5,AB:ZZ:EF:GH:IJ:KL
Austin,austin5,ZZ:CD:EF:GH:IJ:KL
Irvin,irvin5,AB:QQ:EF:GH:IJ:KL
Alex,alex5,AB:CD:QQ:GH:IJ:KL
Drake,drake5,AB:CD:EF:QQ:IJ:KL
Brendan,brendan5,AB:CD:EF:GH:QQ:KL
Eric,eric5,AB:CD:EF:GH:IJ:QQ
Matt,matt5,AB:CD:EF:GH:99:KL
Holly,holly5,AB:CD:EF:99:IJ:KL
Carly,carly5,AB:CD:99:GH:IJ:KL
Abbie,abbie5,AB:99:EF:GH:IJ:KL
Megan,megan5,99:CD:EF:GH:IJ:KL
Morgan,morgan5,AB:BB:EF:GH:IJ:KL
Alec,alec5,AB:CD:BB:GH:IJ:KL
Jackie,jackie5,AB:CD:EF:BB:IJ:KL
Julie,julie5,AB:CD:EF:GH:BB:KL
Jennifer,jennifer5,AB:CD:EF:GH:IJ:BB
Patrick,patrick5,AB:CD:EF:GH:LL:KL
Luke,luke5,AB:CD:EF:LL:IJ:KL
Noah,noah5,AB:CD:LL:GH:IJ:KL
Hunter,hunter5,AB:LL:EF:GH:IJ:KL
Todd,todd5,LL:CD:EF:GH:IJ:KL
Alyssa,alyssa5,AB:PP:EF:GH:IJ:KL
Jenny,jenny5,AB:CD:PP:GH:IJ:KL
Kellie,kellie3,AB:CD:EF:PP:IJ:KL
Brittany,brittany2,AB:CD:EF:GH:PP:KL
Joi,joi7,AB:CD:EF:GH:IJ:PP
Jamie,jamie8,AB:CD:EF:GH:GG:KL
Will,will9,AB:CD:EF:GG:IJ:KL